Workbook

Sheet داشبورد مانیتورینگ ۳ ماهه
A1: سامانه هوشمند مانیتورینگ جامع عملکرد ۳ ماهه (فصلی) نواحی نسرا - استان اصفهان
A2: ="سال ارزیابی: " & 'کارنامه هوشمند ۳ ماهه'!E3 & " | دوره: " & 'کارنامه هوشمند ۳ ماهه'!C3 & " | مقیاس نمره‌دهی رسمی: ۷۰ (حداقل) تا ۱۰۰ (عالی)"
A30: ردیف | B30: نام ناحیه (شهرستان) | C30: تعداد حوزه | D30: حد انتظار حضوری | E30: عملکرد حضوری | F30: % تحقق حضوری | G30: حد انتظار مجازی | H30: عملکرد مجازی | I30: % تحقق مجازی | J30: حد انتظار خلاقانه | K30: عملکرد خلاقانه | L30: % تحقق خلاقانه | M30: حد انتظار تولیدات | N30: عملکرد تولیدات | O30: % تحقق تولیدات | P30: حد انتظار نشست | Q30: عملکرد نشست | R30: % تحقق نشست | S30: درصد تحقق وزنی اهداف | T30: نمره کارنامه (۷۰-۱۰۰) | U30: رتبه استانی | V30: سطح ارزیابی (۳ سطح)
A31: 1 | B31: ='پایگاه داده حد انتظار ۳ ماهه'!A2 | C31: ='پایگاه داده حد انتظار ۳ ماهه'!B2 | D31: ='پایگاه داده حد انتظار ۳ ماهه'!C2 | E31: ='گزارش عملکرد ۳ ماهه'!B2 | F31: =IFERROR(E31/D31, 0) | G31: ='پایگاه داده حد انتظار ۳ ماهه'!D2 | H31: ='گزارش عملکرد ۳ ماهه'!C2 | I31: =IFERROR(H31/G31, 0) | J31: ='پایگاه داده حد انتظار ۳ ماهه'!E2 | K31: ='گزارش عملکرد ۳ ماهه'!D2 | L31: =IFERROR(K31/J31, 0) | M31: ='پایگاه داده حد انتظار ۳ ماهه'!F2 | N31: ='گزارش عملکرد ۳ ماهه'!E2 | O31: =IFERROR(N31/M31, 0) | P31: ='پایگاه داده حد انتظار ۳ ماهه'!G2 | Q31: ='گزارش عملکرد ۳ ماهه'!F2 | R31: =IFERROR(Q31/P31, 0) | S31: =(MIN(0.4, 0.1*F31 + 0.3*I31) + MIN(0.5, 0.5*L31 + MAX(0, 0.1*F31 + 0.3*I31 - 0.4)) + MIN(0.1, 0.1*O31)) | T31: =ROUND(70 + 30 * (MIN(0.4, 0.1*F31 + 0.3*I31) + MIN(0.5, 0.5*L31 + MAX(0, 0.1*F31 + 0.3*I31 - 0.4)) + MIN(0.1, 0.1*O31)), 1) | U31: =IF(T31>70, RANK(T31, $T$31:$T$62), "-") | V31: =IF(T31<=70, "ضعیف", IF(T31>=90, "عالی", "متوسط"))
A32: 2 | B32: ='پایگاه داده حد انتظار ۳ ماهه'!A3 | C32: ='پایگاه داده حد انتظار ۳ ماهه'!B3 | D32: ='پایگاه داده حد انتظار ۳ ماهه'!C3 | E32: ='گزارش عملکرد ۳ ماهه'!B3 | F32: =IFERROR(E32/D32, 0) | G32: ='پایگاه داده حد انتظار ۳ ماهه'!D3 | H32: ='گزارش عملکرد ۳ ماهه'!C3 | I32: =IFERROR(H32/G32, 0) | J32: ='پایگاه داده حد انتظار ۳ ماهه'!E3 | K32: ='گزارش عملکرد ۳ ماهه'!D3 | L32: =IFERROR(K32/J32, 0) | M32: ='پایگاه داده حد انتظار ۳ ماهه'!F3 | N32: ='گزارش عملکرد ۳ ماهه'!E3 | O32: =IFERROR(N32/M32, 0) | P32: ='پایگاه داده حد انتظار ۳ ماهه'!G3 | Q32: ='گزارش عملکرد ۳ ماهه'!F3 | R32: =IFERROR(Q32/P32, 0) | S32: =(MIN(0.4, 0.1*F32 + 0.3*I32) + MIN(0.5, 0.5*L32 + MAX(0, 0.1*F32 + 0.3*I32 - 0.4)) + MIN(0.1, 0.1*O32)) | T32: =ROUND(70 + 30 * (MIN(0.4, 0.1*F32 + 0.3*I32) + MIN(0.5, 0.5*L32 + MAX(0, 0.1*F32 + 0.3*I32 - 0.4)) + MIN(0.1, 0.1*O32)), 1) | U32: =IF(T32>70, RANK(T32, $T$31:$T$62), "-") | V32: =IF(T32<=70, "ضعیف", IF(T32>=90, "عالی", "متوسط"))
A33: 3 | B33: ='پایگاه داده حد انتظار ۳ ماهه'!A4 | C33: ='پایگاه داده حد انتظار ۳ ماهه'!B4 | D33: ='پایگاه داده حد انتظار ۳ ماهه'!C4 | E33: ='گزارش عملکرد ۳ ماهه'!B4 | F33: =IFERROR(E33/D33, 0) | G33: ='پایگاه داده حد انتظار ۳ ماهه'!D4 | H33: ='گزارش عملکرد ۳ ماهه'!C4 | I33: =IFERROR(H33/G33, 0) | J33: ='پایگاه داده حد انتظار ۳ ماهه'!E4 | K33: ='گزارش عملکرد ۳ ماهه'!D4 | L33: =IFERROR(K33/J33, 0) | M33: ='پایگاه داده حد انتظار ۳ ماهه'!F4 | N33: ='گزارش عملکرد ۳ ماهه'!E4 | O33: =IFERROR(N33/M33, 0) | P33: ='پایگاه داده حد انتظار ۳ ماهه'!G4 | Q33: ='گزارش عملکرد ۳ ماهه'!F4 | R33: =IFERROR(Q33/P33, 0) | S33: =(MIN(0.4, 0.1*F33 + 0.3*I33) + MIN(0.5, 0.5*L33 + MAX(0, 0.1*F33 + 0.3*I33 - 0.4)) + MIN(0.1, 0.1*O33)) | T33: =ROUND(70 + 30 * (MIN(0.4, 0.1*F33 + 0.3*I33) + MIN(0.5, 0.5*L33 + MAX(0, 0.1*F33 + 0.3*I33 - 0.4)) + MIN(0.1, 0.1*O33)), 1) | U33: =IF(T33>70, RANK(T33, $T$31:$T$62), "-") | V33: =IF(T33<=70, "ضعیف", IF(T33>=90, "عالی", "متوسط"))
A34: 4 | B34: ='پایگاه داده حد انتظار ۳ ماهه'!A5 | C34: ='پایگاه داده حد انتظار ۳ ماهه'!B5 | D34: ='پایگاه داده حد انتظار ۳ ماهه'!C5 | E34: ='گزارش عملکرد ۳ ماهه'!B5 | F34: =IFERROR(E34/D34, 0) | G34: ='پایگاه داده حد انتظار ۳ ماهه'!D5 | H34: ='گزارش عملکرد ۳ ماهه'!C5 | I34: =IFERROR(H34/G34, 0) | J34: ='پایگاه داده حد انتظار ۳ ماهه'!E5 | K34: ='گزارش عملکرد ۳ ماهه'!D5 | L34: =IFERROR(K34/J34, 0) | M34: ='پایگاه داده حد انتظار ۳ ماهه'!F5 | N34: ='گزارش عملکرد ۳ ماهه'!E5 | O34: =IFERROR(N34/M34, 0) | P34: ='پایگاه داده حد انتظار ۳ ماهه'!G5 | Q34: ='گزارش عملکرد ۳ ماهه'!F5 | R34: =IFERROR(Q34/P34, 0) | S34: =(MIN(0.4, 0.1*F34 + 0.3*I34) + MIN(0.5, 0.5*L34 + MAX(0, 0.1*F34 + 0.3*I34 - 0.4)) + MIN(0.1, 0.1*O34)) | T34: =ROUND(70 + 30 * (MIN(0.4, 0.1*F34 + 0.3*I34) + MIN(0.5, 0.5*L34 + MAX(0, 0.1*F34 + 0.3*I34 - 0.4)) + MIN(0.1, 0.1*O34)), 1) | U34: =IF(T34>70, RANK(T34, $T$31:$T$62), "-") | V34: =IF(T34<=70, "ضعیف", IF(T34>=90, "عالی", "متوسط"))
A35: 5 | B35: ='پایگاه داده حد انتظار ۳ ماهه'!A6 | C35: ='پایگاه داده حد انتظار ۳ ماهه'!B6 | D35: ='پایگاه داده حد انتظار ۳ ماهه'!C6 | E35: ='گزارش عملکرد ۳ ماهه'!B6 | F35: =IFERROR(E35/D35, 0) | G35: ='پایگاه داده حد انتظار ۳ ماهه'!D6 | H35: ='گزارش عملکرد ۳ ماهه'!C6 | I35: =IFERROR(H35/G35, 0) | J35: ='پایگاه داده حد انتظار ۳ ماهه'!E6 | K35: ='گزارش عملکرد ۳ ماهه'!D6 | L35: =IFERROR(K35/J35, 0) | M35: ='پایگاه داده حد انتظار ۳ ماهه'!F6 | N35: ='گزارش عملکرد ۳ ماهه'!E6 | O35: =IFERROR(N35/M35, 0) | P35: ='پایگاه داده حد انتظار ۳ ماهه'!G6 | Q35: ='گزارش عملکرد ۳ ماهه'!F6 | R35: =IFERROR(Q35/P35, 0) | S35: =(MIN(0.4, 0.1*F35 + 0.3*I35) + MIN(0.5, 0.5*L35 + MAX(0, 0.1*F35 + 0.3*I35 - 0.4)) + MIN(0.1, 0.1*O35)) | T35: =ROUND(70 + 30 * (MIN(0.4, 0.1*F35 + 0.3*I35) + MIN(0.5, 0.5*L35 + MAX(0, 0.1*F35 + 0.3*I35 - 0.4)) + MIN(0.1, 0.1*O35)), 1) | U35: =IF(T35>70, RANK(T35, $T$31:$T$62), "-") | V35: =IF(T35<=70, "ضعیف", IF(T35>=90, "عالی", "متوسط"))
A36: 6 | B36: ='پایگاه داده حد انتظار ۳ ماهه'!A7 | C36: ='پایگاه داده حد انتظار ۳ ماهه'!B7 | D36: ='پایگاه داده حد انتظار ۳ ماهه'!C7 | E36: ='گزارش عملکرد ۳ ماهه'!B7 | F36: =IFERROR(E36/D36, 0) | G36: ='پایگاه داده حد انتظار ۳ ماهه'!D7 | H36: ='گزارش عملکرد ۳ ماهه'!C7 | I36: =IFERROR(H36/G36, 0) | J36: ='پایگاه داده حد انتظار ۳ ماهه'!E7 | K36: ='گزارش عملکرد ۳ ماهه'!D7 | L36: =IFERROR(K36/J36, 0) | M36: ='پایگاه داده حد انتظار ۳ ماهه'!F7 | N36: ='گزارش عملکرد ۳ ماهه'!E7 | O36: =IFERROR(N36/M36, 0) | P36: ='پایگاه داده حد انتظار ۳ ماهه'!G7 | Q36: ='گزارش عملکرد ۳ ماهه'!F7 | R36: =IFERROR(Q36/P36, 0) | S36: =(MIN(0.4, 0.1*F36 + 0.3*I36) + MIN(0.5, 0.5*L36 + MAX(0, 0.1*F36 + 0.3*I36 - 0.4)) + MIN(0.1, 0.1*O36)) | T36: =ROUND(70 + 30 * (MIN(0.4, 0.1*F36 + 0.3*I36) + MIN(0.5, 0.5*L36 + MAX(0, 0.1*F36 + 0.3*I36 - 0.4)) + MIN(0.1, 0.1*O36)), 1) | U36: =IF(T36>70, RANK(T36, $T$31:$T$62), "-") | V36: =IF(T36<=70, "ضعیف", IF(T36>=90, "عالی", "متوسط"))
A37: 7 | B37: ='پایگاه داده حد انتظار ۳ ماهه'!A8 | C37: ='پایگاه داده حد انتظار ۳ ماهه'!B8 | D37: ='پایگاه داده حد انتظار ۳ ماهه'!C8 | E37: ='گزارش عملکرد ۳ ماهه'!B8 | F37: =IFERROR(E37/D37, 0) | G37: ='پایگاه داده حد انتظار ۳ ماهه'!D8 | H37: ='گزارش عملکرد ۳ ماهه'!C8 | I37: =IFERROR(H37/G37, 0) | J37: ='پایگاه داده حد انتظار ۳ ماهه'!E8 | K37: ='گزارش عملکرد ۳ ماهه'!D8 | L37: =IFERROR(K37/J37, 0) | M37: ='پایگاه داده حد انتظار ۳ ماهه'!F8 | N37: ='گزارش عملکرد ۳ ماهه'!E8 | O37: =IFERROR(N37/M37, 0) | P37: ='پایگاه داده حد انتظار ۳ ماهه'!G8 | Q37: ='گزارش عملکرد ۳ ماهه'!F8 | R37: =IFERROR(Q37/P37, 0) | S37: =(MIN(0.4, 0.1*F37 + 0.3*I37) + MIN(0.5, 0.5*L37 + MAX(0, 0.1*F37 + 0.3*I37 - 0.4)) + MIN(0.1, 0.1*O37)) | T37: =ROUND(70 + 30 * (MIN(0.4, 0.1*F37 + 0.3*I37) + MIN(0.5, 0.5*L37 + MAX(0, 0.1*F37 + 0.3*I37 - 0.4)) + MIN(0.1, 0.1*O37)), 1) | U37: =IF(T37>70, RANK(T37, $T$31:$T$62), "-") | V37: =IF(T37<=70, "ضعیف", IF(T37>=90, "عالی", "متوسط"))
A38: 8 | B38: ='پایگاه داده حد انتظار ۳ ماهه'!A9 | C38: ='پایگاه داده حد انتظار ۳ ماهه'!B9 | D38: ='پایگاه داده حد انتظار ۳ ماهه'!C9 | E38: ='گزارش عملکرد ۳ ماهه'!B9 | F38: =IFERROR(E38/D38, 0) | G38: ='پایگاه داده حد انتظار ۳ ماهه'!D9 | H38: ='گزارش عملکرد ۳ ماهه'!C9 | I38: =IFERROR(H38/G38, 0) | J38: ='پایگاه داده حد انتظار ۳ ماهه'!E9 | K38: ='گزارش عملکرد ۳ ماهه'!D9 | L38: =IFERROR(K38/J38, 0) | M38: ='پایگاه داده حد انتظار ۳ ماهه'!F9 | N38: ='گزارش عملکرد ۳ ماهه'!E9 | O38: =IFERROR(N38/M38, 0) | P38: ='پایگاه داده حد انتظار ۳ ماهه'!G9 | Q38: ='گزارش عملکرد ۳ ماهه'!F9 | R38: =IFERROR(Q38/P38, 0) | S38: =(MIN(0.4, 0.1*F38 + 0.3*I38) + MIN(0.5, 0.5*L38 + MAX(0, 0.1*F38 + 0.3*I38 - 0.4)) + MIN(0.1, 0.1*O38)) | T38: =ROUND(70 + 30 * (MIN(0.4, 0.1*F38 + 0.3*I38) + MIN(0.5, 0.5*L38 + MAX(0, 0.1*F38 + 0.3*I38 - 0.4)) + MIN(0.1, 0.1*O38)), 1) | U38: =IF(T38>70, RANK(T38, $T$31:$T$62), "-") | V38: =IF(T38<=70, "ضعیف", IF(T38>=90, "عالی", "متوسط"))
A39: 9 | B39: ='پایگاه داده حد انتظار ۳ ماهه'!A10 | C39: ='پایگاه داده حد انتظار ۳ ماهه'!B10 | D39: ='پایگاه داده حد انتظار ۳ ماهه'!C10 | E39: ='گزارش عملکرد ۳ ماهه'!B10 | F39: =IFERROR(E39/D39, 0) | G39: ='پایگاه داده حد انتظار ۳ ماهه'!D10 | H39: ='گزارش عملکرد ۳ ماهه'!C10 | I39: =IFERROR(H39/G39, 0) | J39: ='پایگاه داده حد انتظار ۳ ماهه'!E10 | K39: ='گزارش عملکرد ۳ ماهه'!D10 | L39: =IFERROR(K39/J39, 0) | M39: ='پایگاه داده حد انتظار ۳ ماهه'!F10 | N39: ='گزارش عملکرد ۳ ماهه'!E10 | O39: =IFERROR(N39/M39, 0) | P39: ='پایگاه داده حد انتظار ۳ ماهه'!G10 | Q39: ='گزارش عملکرد ۳ ماهه'!F10 | R39: =IFERROR(Q39/P39, 0) | S39: =(MIN(0.4, 0.1*F39 + 0.3*I39) + MIN(0.5, 0.5*L39 + MAX(0, 0.1*F39 + 0.3*I39 - 0.4)) + MIN(0.1, 0.1*O39)) | T39: =ROUND(70 + 30 * (MIN(0.4, 0.1*F39 + 0.3*I39) + MIN(0.5, 0.5*L39 + MAX(0, 0.1*F39 + 0.3*I39 - 0.4)) + MIN(0.1, 0.1*O39)), 1) | U39: =IF(T39>70, RANK(T39, $T$31:$T$62), "-") | V39: =IF(T39<=70, "ضعیف", IF(T39>=90, "عالی", "متوسط"))
A40: 10 | B40: ='پایگاه داده حد انتظار ۳ ماهه'!A11 | C40: ='پایگاه داده حد انتظار ۳ ماهه'!B11 | D40: ='پایگاه داده حد انتظار ۳ ماهه'!C11 | E40: ='گزارش عملکرد ۳ ماهه'!B11 | F40: =IFERROR(E40/D40, 0) | G40: ='پایگاه داده حد انتظار ۳ ماهه'!D11 | H40: ='گزارش عملکرد ۳ ماهه'!C11 | I40: =IFERROR(H40/G40, 0) | J40: ='پایگاه داده حد انتظار ۳ ماهه'!E11 | K40: ='گزارش عملکرد ۳ ماهه'!D11 | L40: =IFERROR(K40/J40, 0) | M40: ='پایگاه داده حد انتظار ۳ ماهه'!F11 | N40: ='گزارش عملکرد ۳ ماهه'!E11 | O40: =IFERROR(N40/M40, 0) | P40: ='پایگاه داده حد انتظار ۳ ماهه'!G11 | Q40: ='گزارش عملکرد ۳ ماهه'!F11 | R40: =IFERROR(Q40/P40, 0) | S40: =(MIN(0.4, 0.1*F40 + 0.3*I40) + MIN(0.5, 0.5*L40 + MAX(0, 0.1*F40 + 0.3*I40 - 0.4)) + MIN(0.1, 0.1*O40)) | T40: =ROUND(70 + 30 * (MIN(0.4, 0.1*F40 + 0.3*I40) + MIN(0.5, 0.5*L40 + MAX(0, 0.1*F40 + 0.3*I40 - 0.4)) + MIN(0.1, 0.1*O40)), 1) | U40: =IF(T40>70, RANK(T40, $T$31:$T$62), "-") | V40: =IF(T40<=70, "ضعیف", IF(T40>=90, "عالی", "متوسط"))
A41: 11 | B41: ='پایگاه داده حد انتظار ۳ ماهه'!A12 | C41: ='پایگاه داده حد انتظار ۳ ماهه'!B12 | D41: ='پایگاه داده حد انتظار ۳ ماهه'!C12 | E41: ='گزارش عملکرد ۳ ماهه'!B12 | F41: =IFERROR(E41/D41, 0) | G41: ='پایگاه داده حد انتظار ۳ ماهه'!D12 | H41: ='گزارش عملکرد ۳ ماهه'!C12 | I41: =IFERROR(H41/G41, 0) | J41: ='پایگاه داده حد انتظار ۳ ماهه'!E12 | K41: ='گزارش عملکرد ۳ ماهه'!D12 | L41: =IFERROR(K41/J41, 0) | M41: ='پایگاه داده حد انتظار ۳ ماهه'!F12 | N41: ='گزارش عملکرد ۳ ماهه'!E12 | O41: =IFERROR(N41/M41, 0) | P41: ='پایگاه داده حد انتظار ۳ ماهه'!G12 | Q41: ='گزارش عملکرد ۳ ماهه'!F12 | R41: =IFERROR(Q41/P41, 0) | S41: =(MIN(0.4, 0.1*F41 + 0.3*I41) + MIN(0.5, 0.5*L41 + MAX(0, 0.1*F41 + 0.3*I41 - 0.4)) + MIN(0.1, 0.1*O41)) | T41: =ROUND(70 + 30 * (MIN(0.4, 0.1*F41 + 0.3*I41) + MIN(0.5, 0.5*L41 + MAX(0, 0.1*F41 + 0.3*I41 - 0.4)) + MIN(0.1, 0.1*O41)), 1) | U41: =IF(T41>70, RANK(T41, $T$31:$T$62), "-") | V41: =IF(T41<=70, "ضعیف", IF(T41>=90, "عالی", "متوسط"))
A42: 12 | B42: ='پایگاه داده حد انتظار ۳ ماهه'!A13 | C42: ='پایگاه داده حد انتظار ۳ ماهه'!B13 | D42: ='پایگاه داده حد انتظار ۳ ماهه'!C13 | E42: ='گزارش عملکرد ۳ ماهه'!B13 | F42: =IFERROR(E42/D42, 0) | G42: ='پایگاه داده حد انتظار ۳ ماهه'!D13 | H42: ='گزارش عملکرد ۳ ماهه'!C13 | I42: =IFERROR(H42/G42, 0) | J42: ='پایگاه داده حد انتظار ۳ ماهه'!E13 | K42: ='گزارش عملکرد ۳ ماهه'!D13 | L42: =IFERROR(K42/J42, 0) | M42: ='پایگاه داده حد انتظار ۳ ماهه'!F13 | N42: ='گزارش عملکرد ۳ ماهه'!E13 | O42: =IFERROR(N42/M42, 0) | P42: ='پایگاه داده حد انتظار ۳ ماهه'!G13 | Q42: ='گزارش عملکرد ۳ ماهه'!F13 | R42: =IFERROR(Q42/P42, 0) | S42: =(MIN(0.4, 0.1*F42 + 0.3*I42) + MIN(0.5, 0.5*L42 + MAX(0, 0.1*F42 + 0.3*I42 - 0.4)) + MIN(0.1, 0.1*O42)) | T42: =ROUND(70 + 30 * (MIN(0.4, 0.1*F42 + 0.3*I42) + MIN(0.5, 0.5*L42 + MAX(0, 0.1*F42 + 0.3*I42 - 0.4)) + MIN(0.1, 0.1*O42)), 1) | U42: =IF(T42>70, RANK(T42, $T$31:$T$62), "-") | V42: =IF(T42<=70, "ضعیف", IF(T42>=90, "عالی", "متوسط"))
... A62: 32 | B62: ='پایگاه داده حد انتظار ۳ ماهه'!A33 | C62: ='پایگاه داده حد انتظار ۳ ماهه'!B33 | D62: ='پایگاه داده حد انتظار ۳ ماهه'!C33 | E62: ='گزارش عملکرد ۳ ماهه'!B33 | F62: =IFERROR(E62/D62, 0) | G62: ='پایگاه داده حد انتظار ۳ ماهه'!D33 | H62: ='گزارش عملکرد ۳ ماهه'!C33 | I62: =IFERROR(H62/G62, 0) | J62: ='پایگاه داده حد انتظار ۳ ماهه'!E33 | K62: ='گزارش عملکرد ۳ ماهه'!D33 | L62: =IFERROR(K62/J62, 0) | M62: ='پایگاه داده حد انتظار ۳ ماهه'!F33 | N62: ='گزارش عملکرد ۳ ماهه'!E33 | O62: =IFERROR(N62/M62, 0) | P62: ='پایگاه داده حد انتظار ۳ ماهه'!G33 | Q62: ='گزارش عملکرد ۳ ماهه'!F33 | R62: =IFERROR(Q62/P62, 0) | S62: =(MIN(0.4, 0.1*F62 + 0.3*I62) + MIN(0.5, 0.5*L62 + MAX(0, 0.1*F62 + 0.3*I62 - 0.4)) + MIN(0.1, 0.1*O62)) | T62: =ROUND(70 + 30 * (MIN(0.4, 0.1*F62 + 0.3*I62) + MIN(0.5, 0.5*L62 + MAX(0, 0.1*F62 + 0.3*I62 - 0.4)) + MIN(0.1, 0.1*O62)), 1) | U62: =IF(T62>70, RANK(T62, $T$31:$T$62), "-") | V62: =IF(T62<=70, "ضعیف", IF(T62>=90, "عالی", "متوسط"))

Sheet کارنامه هوشمند ۳ ماهه
B1: کارنامه هوشمند پایش عملکرد ۳ ماهه (فصلی) ناحیه
B2: انتخاب شهرستان: | C2: مبارکه
B3: دوره ۳ ماهه: | C3: تابستان (تیر تا شهریور) | D3: سال ارزیابی: | E3: 1405
B4: بخش و شاخص عملکردی | C4: حد انتظار ۳ ماهه | D4: عملکرد واقعی ۳ ماهه | E4: درصد تحقق ۳ ماهه
B5: حضوری و توانمندسازی (ضریب ۳۱×۳ = ۹۳) | C5: =IFERROR(VLOOKUP($C$2, 'پایگاه داده حد انتظار ۳ ماهه'!$A$2:$H$33, 3, FALSE), 0) | D5: =IFERROR(VLOOKUP($C$2, 'گزارش عملکرد ۳ ماهه'!$A$2:$F$33, 2, FALSE), 0) | E5: =IFERROR(D5/C5, 0)
B6: مجازی و لایو (ضریب ۲۱۷×۳ = ۶۵۱) | C6: =IFERROR(VLOOKUP($C$2, 'پایگاه داده حد انتظار ۳ ماهه'!$A$2:$H$33, 4, FALSE), 0) | D6: =IFERROR(VLOOKUP($C$2, 'گزارش عملکرد ۳ ماهه'!$A$2:$F$33, 3, FALSE), 0) | E6: =IFERROR(D6/C6, 0)
B7: اقدامات خلاقانه (ضریب ۶۲×۳ = ۱۸۶) | C7: =IFERROR(VLOOKUP($C$2, 'پایگاه داده حد انتظار ۳ ماهه'!$A$2:$H$33, 5, FALSE), 0) | D7: =IFERROR(VLOOKUP($C$2, 'گزارش عملکرد ۳ ماهه'!$A$2:$F$33, 4, FALSE), 0) | E7: =IFERROR(D7/C7, 0)
B8: تولیدات رسانه‌ای (ضریب ۳×۳ = ۹) | C8: =IFERROR(VLOOKUP($C$2, 'پایگاه داده حد انتظار ۳ ماهه'!$A$2:$H$33, 6, FALSE), 0) | D8: =IFERROR(VLOOKUP($C$2, 'گزارش عملکرد ۳ ماهه'!$A$2:$F$33, 5, FALSE), 0) | E8: =IFERROR(D8/C8, 0)
B9: نشست انجمن مدرسان (۳ نشست) | C9: =IFERROR(VLOOKUP($C$2, 'پایگاه داده حد انتظار ۳ ماهه'!$A$2:$H$33, 7, FALSE), 0) | D9: =IFERROR(VLOOKUP($C$2, 'گزارش عملکرد ۳ ماهه'!$A$2:$F$33, 6, FALSE), 0) | E9: =IFERROR(D9/C9, 0)
B11: درصد تحقق وزنی اهداف: | C11: =(MIN(0.4, 0.1*E5 + 0.3*E6) + MIN(0.5, 0.5*E7 + MAX(0, 0.1*E5 + 0.3*E6 - 0.4)) + MIN(0.1, 0.1*E8))
B12: نمره نهایی کارنامه (مقیاس ۷۰ تا ۱۰۰): | C12: =ROUND(70 + 30 * MIN(1, MAX(0, C11)), 1)
B13: رتبه در استان: | C13: =IFERROR(VLOOKUP($C$2, 'داشبورد مانیتورینگ ۳ ماهه'!$B$31:$U$62, 20, FALSE), "-")
B14: سطح ارزیابی (۳ سطح): | C14: =IF(C12<=70, "ضعیف", IF(C12>=90, "عالی", "متوسط"))
B15: تعداد حوزه مقاومت: | C15: =IFERROR(VLOOKUP($C$2, 'پایگاه داده حد انتظار ۳ ماهه'!$A$2:$B$33, 2, FALSE), 0)
B16: تعداد ماه‌های ثبت‌شده: | C16: =IFERROR(VLOOKUP($C$2, 'گزارش عملکرد ۳ ماهه'!$A$2:$G$33, 7, FALSE), 0)

Sheet گزارش عملکرد ۳ ماهه
A1: نام ناحیه (شهرستان) | B1: عملکرد تجمعی حضوری | C1: عملکرد تجمعی مجازی | D1: عملکرد تجمعی خلاقانه | E1: عملکرد تجمعی تولیدات | F1: عملکرد تجمعی نشست | G1: تعداد ماه‌های گزارش‌شده | H1: دوره ۳ ماهه
A2: آران و بیدگل | B2: 0 | C2: 0 | D2: 0 | E2: 0 | F2: 0 | G2: 0 | H2: ='کارنامه هوشمند ۳ ماهه'!C3
A3: امام حسین(ع) | B3: 0 | C3: 0 | D3: 0 | E3: 0 | F3: 0 | G3: 0 | H3: ='کارنامه هوشمند ۳ ماهه'!C3
A4: امام رضا(ع) | B4: 0 | C4: 0 | D4: 0 | E4: 0 | F4: 0 | G4: 0 | H4: ='کارنامه هوشمند ۳ ماهه'!C3
A5: امام صادق(ع) | B5: 0 | C5: 0 | D5: 0 | E5: 0 | F5: 0 | G5: 0 | H5: ='کارنامه هوشمند ۳ ماهه'!C3
A6: امام علی(ع) | B6: 0 | C6: 0 | D6: 0 | E6: 0 | F6: 0 | G6: 0 | H6: ='کارنامه هوشمند ۳ ماهه'!C3
A7: اردستان | B7: 0 | C7: 0 | D7: 0 | E7: 0 | F7: 0 | G7: 0 | H7: ='کارنامه هوشمند ۳ ماهه'!C3
A8: برخوار | B8: 0 | C8: 0 | D8: 0 | E8: 0 | F8: 0 | G8: 0 | H8: ='کارنامه هوشمند ۳ ماهه'!C3
A9: بویین و میاندشت | B9: 0 | C9: 0 | D9: 0 | E9: 0 | F9: 0 | G9: 0 | H9: ='کارنامه هوشمند ۳ ماهه'!C3
A10: تیران و کرون | B10: 0 | C10: 0 | D10: 0 | E10: 0 | F10: 0 | G10: 0 | H10: ='کارنامه هوشمند ۳ ماهه'!C3
A11: جرقویه | B11: 0 | C11: 0 | D11: 0 | E11: 0 | F11: 0 | G11: 0 | H11: ='کارنامه هوشمند ۳ ماهه'!C3
A12: چادگان | B12: 0 | C12: 0 | D12: 0 | E12: 0 | F12: 0 | G12: 0 | H12: ='کارنامه هوشمند ۳ ماهه'!C3
A13: خمینی شهر | B13: 0 | C13: 0 | D13: 0 | E13: 0 | F13: 0 | G13: 0 | H13: ='کارنامه هوشمند ۳ ماهه'!C3
A14: خوانسار | B14: 0 | C14: 0 | D14: 0 | E14: 0 | F14: 0 | G14: 0 | H14: ='کارنامه هوشمند ۳ ماهه'!C3
A15: خور و بیابانک | B15: 0 | C15: 0 | D15: 0 | E15: 0 | F15: 0 | G15: 0 | H15: ='کارنامه هوشمند ۳ ماهه'!C3
A16: درچه | B16: 0 | C16: 0 | D16: 0 | E16: 0 | F16: 0 | G16: 0 | H16: ='کارنامه هوشمند ۳ ماهه'!C3
A17: دهاقان | B17: 0 | C17: 0 | D17: 0 | E17: 0 | F17: 0 | G17: 0 | H17: ='کارنامه هوشمند ۳ ماهه'!C3
A18: سمیرم | B18: 0 | C18: 0 | D18: 0 | E18: 0 | F18: 0 | G18: 0 | H18: ='کارنامه هوشمند ۳ ماهه'!C3
A19: شاهین شهر | B19: 0 | C19: 0 | D19: 0 | E19: 0 | F19: 0 | G19: 0 | H19: ='کارنامه هوشمند ۳ ماهه'!C3
A20: شهرضا | B20: 0 | C20: 0 | D20: 0 | E20: 0 | F20: 0 | G20: 0 | H20: ='کارنامه هوشمند ۳ ماهه'!C3
A21: فریدن | B21: 0 | C21: 0 | D21: 0 | E21: 0 | F21: 0 | G21: 0 | H21: ='کارنامه هوشمند ۳ ماهه'!C3
A22: فریدون شهر | B22: 0 | C22: 0 | D22: 0 | E22: 0 | F22: 0 | G22: 0 | H22: ='کارنامه هوشمند ۳ ماهه'!C3
A23: فلاورجان | B23: 0 | C23: 0 | D23: 0 | E23: 0 | F23: 0 | G23: 0 | H23: ='کارنامه هوشمند ۳ ماهه'!C3
A24: کاشان | B24: 0 | C24: 0 | D24: 0 | E24: 0 | F24: 0 | G24: 0 | H24: ='کارنامه هوشمند ۳ ماهه'!C3
A25: کوهپایه | B25: 0 | C25: 0 | D25: 0 | E25: 0 | F25: 0 | G25: 0 | H25: ='کارنامه هوشمند ۳ ماهه'!C3
A26: گلپایگان | B26: 600 | C26: 1500 | D26: 900 | E26: 15 | F26: 3 | G26: 3 | H26: ='کارنامه هوشمند ۳ ماهه'!C3
A27: لنجان | B27: 0 | C27: 0 | D27: 0 | E27: 0 | F27: 0 | G27: 0 | H27: ='کارنامه هوشمند ۳ ماهه'!C3
A28: مبارکه | B28: 0 | C28: 0 | D28: 0 | E28: 0 | F28: 0 | G28: 0 | H28: ='کارنامه هوشمند ۳ ماهه'!C3
A29: نایین | B29: 0 | C29: 0 | D29: 0 | E29: 0 | F29: 0 | G29: 0 | H29: ='کارنامه هوشمند ۳ ماهه'!C3
A30: نجف آباد | B30: 0 | C30: 0 | D30: 0 | E30: 0 | F30: 0 | G30: 0 | H30: ='کارنامه هوشمند ۳ ماهه'!C3
A31: نطنز | B31: 0 | C31: 0 | D31: 0 | E31: 0 | F31: 0 | G31: 0 | H31: ='کارنامه هوشمند ۳ ماهه'!C3
A32: ورزنه | B32: 0 | C32: 0 | D32: 0 | E32: 0 | F32: 0 | G32: 0 | H32: ='کارنامه هوشمند ۳ ماهه'!C3
A33: هرند | B33: 0 | C33: 0 | D33: 0 | E33: 0 | F33: 0 | G33: 0 | H33: ='کارنامه هوشمند ۳ ماهه'!C3

Sheet پایگاه داده حد انتظار ۳ ماهه
A1: نام ناحیه (شهرستان) | B1: تعداد حوزه | C1: حد انتظار ۳ ماهه حضوری (۹۳×) | D1: حد انتظار ۳ ماهه مجازی (۶۵۱×) | E1: حد انتظار ۳ ماهه خلاقانه (۱۸۶×) | F1: حد انتظار ۳ ماهه تولیدات (۹×) | G1: حد انتظار ۳ ماهه نشست (۳ نشست) | H1: حدانتظار اعضای انجمن
A2: آران و بیدگل | B2: 10 | C2: 930 | D2: 6510 | E2: 1860 | F2: 90 | G2: 3 | H2: 22
A3: امام حسین(ع) | B3: 5 | C3: 465 | D3: 3255 | E3: 930 | F3: 45 | G3: 3 | H3: 22
A4: امام رضا(ع) | B4: 22 | C4: 2046 | D4: 14322 | E4: 4092 | F4: 198 | G4: 3 | H4: 22
A5: امام صادق(ع) | B5: 22 | C5: 2046 | D5: 14322 | E5: 4092 | F5: 198 | G5: 3 | H5: 22
A6: امام علی(ع) | B6: 6 | C6: 558 | D6: 3906 | E6: 1116 | F6: 54 | G6: 3 | H6: 22
A7: اردستان | B7: 6 | C7: 558 | D7: 3906 | E7: 1116 | F7: 54 | G7: 3 | H7: 22
A8: برخوار | B8: 5 | C8: 465 | D8: 3255 | E8: 930 | F8: 45 | G8: 3 | H8: 22
A9: بویین و میاندشت | B9: 3 | C9: 279 | D9: 1953 | E9: 558 | F9: 27 | G9: 3 | H9: 22
A10: تیران و کرون | B10: 6 | C10: 558 | D10: 3906 | E10: 1116 | F10: 54 | G10: 3 | H10: 22
A11: جرقویه | B11: 4 | C11: 372 | D11: 2604 | E11: 744 | F11: 36 | G11: 3 | H11: 22
A12: چادگان | B12: 5 | C12: 465 | D12: 3255 | E12: 930 | F12: 45 | G12: 3 | H12: 22
A13: خمینی شهر | B13: 9 | C13: 837 | D13: 5859 | E13: 1674 | F13: 81 | G13: 3 | H13: 22
... A33: هرند | B33: 4 | C33: 372 | D33: 2604 | E33: 744 | F33: 36 | G33: 3 | H33: 22
